connectivity,fraction
full,0.2911299242929634
top,0.3012127185525997
bottom,0.13928832229362048
not-conn.,0.2683690348608164
